8015,0.00,0.07,-0.06
8025,-0.00,0.07,-0.06
8035,-0.00,0.07,-0.06
8045,-0.00,0.13,-0.06
8055,-0.00,0.13,-0.08
8065,-0.00,0.13,-0.08
8075,-0.00,0.13,-0.08
8085,-0.00,0.13,-0.08
8095,-0.00,0.13,-0.08
8105,-0.00,0.13,-0.08
8115,-0.01,0.13,-0.08
8125,-0.01,0.13,-0.08
8135,-0.01,0.21,-0.08
8145,-0.01,0.21,-0.08
8155,-0.01,0.21,-0.10
8165,-0.01,0.21,-0.10
8175,-0.01,0.21,-0.10
8185,-0.01,0.21,-0.10
8195,-0.01,0.21,-0.10
8205,-0.01,0.21,-0.10
8215,-0.01,0.21,-0.10
8225,-0.01,0.21,-0.10
8235,-0.01,0.29,-0.10
8245,-0.01,0.29,-0.10
8255,-0.01,0.29,-0.13
8265,-0.01,0.29,-0.13
8275,-0.01,0.29,-0.13
8285,-0.01,0.29,-0.13
8295,-0.02,0.29,-0.13
8305,-0.02,0.29,-0.13
8315,-0.02,0.29,-0.13
8325,-0.02,0.29,-0.13
8335,-0.02,0.37,-0.13
8345,-0.02,0.37,-0.15
8355,-0.02,0.37,-0.15
8365,-0.02,0.37,-0.15
8375,-0.02,0.37,-0.15
8385,-0.02,0.37,-0.15
8395,-0.02,0.37,-0.15
8405,-0.02,0.37,-0.15
8415,-0.02,0.37,-0.15
8425,-0.02,0.37,-0.15
8435,-0.02,0.45,-0.15
8445,-0.02,0.45,-0.17
8455,-0.02,0.45,-0.17
8465,-0.02,0.45,-0.17
8475,-0.02,0.45,-0.17
8485,-0.03,0.45,-0.17
8495,-0.03,0.45,-0.17
8505,-0.03,0.45,-0.17
8515,-0.03,0.45,-0.17
8525,-0.03,0.45,-0.17
8535,-0.03,0.53,-0.17
8545,-0.03,0.53,-0.18
8555,-0.03,0.53,-0.18
8565,-0.03,0.53,-0.18
8575,-0.04,0.53,-0.18
8585,-0.04,0.53,-0.18
8595,-0.04,0.53,-0.18
8605,-0.04,0.53,-0.18
8615,-0.04,0.53,-0.18
8625,-0.04,0.53,-0.18
8635,-0.04,0.60,-0.18
8645,-0.04,0.60,-0.18
8655,-0.04,0.60,-0.18
8665,-0.05,0.60,-0.18
8675,-0.05,0.60,-0.18
8685,-0.05,0.60,-0.18
8695,-0.05,0.60,-0.18
8705,-0.05,0.60,-0.18
8715,-0.05,0.60,-0.18
8725,-0.05,0.60,-0.18
8735,-0.05,0.67,-0.18
8745,-0.05,0.67,-0.18
8755,-0.05,0.67,-0.18
8765,-0.06,0.67,-0.18
8775,-0.06,0.67,-0.18
8785,-0.06,0.67,-0.18
8795,-0.06,0.67,-0.18
8805,-0.06,0.67,-0.18
8815,-0.06,0.67,-0.18
8825,-0.06,0.67,-0.18
8835,-0.06,0.76,-0.18
8845,-0.06,0.76,-0.18
8855,-0.07,0.76,-0.18
8865,-0.07,0.76,-0.18
8875,-0.07,0.76,-0.18
8885,-0.07,0.76,-0.18
8895,-0.07,0.76,-0.18
8905,-0.07,0.76,-0.18
8915,-0.07,0.76,-0.18
8925,-0.07,0.76,-0.18
8935,-0.07,0.84,-0.18
8945,-0.08,0.84,-0.18
8955,-0.08,0.84,-0.18
8965,-0.08,0.84,-0.18
8975,-0.08,0.84,-0.18
8985,-0.08,0.84,-0.18
8995,-0.08,0.84,-0.18
9005,-0.08,0.84,-0.18
9015,-0.08,0.84,-0.18
9025,-0.08,0.84,-0.19
9035,-0.08,0.84,-0.19
9045,-0.08,0.84,-0.19
9055,-0.08,0.84,-0.19
9065,-0.08,0.84,-0.19
9075,-0.08,0.84,-0.19
9085,-0.08,0.84,-0.19
9095,-0.08,0.84,-0.19
9105,-0.08,0.84,-0.19
9115,-0.08,0.84,-0.19
9125,-0.09,0.84,-0.19
9135,-0.09,0.84,-0.19
9145,-0.09,0.84,-0.19
9155,-0.09,0.84,-0.19
9165,-0.09,0.84,-0.19
9175,-0.09,0.84,-0.19
9185,-0.09,0.84,-0.19
9195,-0.09,0.84,-0.19
9205,-0.09,0.84,-0.19
9215,-0.09,0.84,-0.20
9225,-0.09,0.84,-0.20
9235,-0.09,0.84,-0.20
9245,-0.09,0.84,-0.20
9255,-0.09,0.84,-0.20
9265,-0.09,0.84,-0.20
9275,-0.09,0.84,-0.20
9285,-0.09,0.84,-0.20
9295,-0.09,0.84,-0.20
9305,-0.09,0.84,-0.20
9315,-0.09,0.84,-0.20
9325,-0.09,0.92,-0.20
9335,-0.09,0.92,-0.20
9345,-0.09,0.92,-0.20
9355,-0.09,0.92,-0.20
9365,-0.09,0.92,-0.20
9375,-0.09,0.92,-0.20
9385,-0.09,0.92,-0.20
9395,-0.09,0.92,-0.20
9405,-0.10,0.92,-0.20
9415,-0.10,0.92,-0.19
9425,-0.10,0.99,-0.19
9435,-0.10,0.99,-0.19
9445,-0.10,0.99,-0.19
9455,-0.10,0.99,-0.19
9465,-0.10,0.99,-0.19
9475,-0.10,0.99,-0.19
9485,-0.10,0.99,-0.19
9495,-0.11,0.99,-0.19
9505,-0.11,0.99,-0.19
9515,-0.11,0.99,-0.19
9525,-0.11,1.07,-0.19
9535,-0.11,1.07,-0.19
9545,-0.11,1.07,-0.19
9555,-0.11,1.07,-0.19
9565,-0.11,1.07,-0.19
9575,-0.11,1.07,-0.19
9585,-0.11,1.07,-0.19
9595,-0.11,1.07,-0.19
9605,-0.11,1.07,-0.20
9615,-0.11,1.07,-0.20
9625,-0.11,1.14,-0.20
9635,-0.11,1.14,-0.20
9645,-0.11,1.14,-0.20
9655,-0.11,1.14,-0.20
9665,-0.11,1.14,-0.20
9675,-0.11,1.14,-0.20
9685,-0.12,1.14,-0.20
9695,-0.12,1.14,-0.20
9705,-0.12,1.14,-0.21
9715,-0.12,1.14,-0.21
9725,-0.12,1.21,-0.21
9735,-0.12,1.21,-0.21
9745,-0.12,1.21,-0.21
9755,-0.12,1.21,-0.21
9765,-0.12,1.21,-0.21
9775,-0.12,1.21,-0.21
9785,-0.12,1.21,-0.21
9795,-0.12,1.21,-0.22
9805,-0.12,1.21,-0.22
9815,-0.12,1.21,-0.22
9825,-0.12,1.22,-0.22
9835,-0.12,1.22,-0.22
9845,-0.12,1.22,-0.22
9855,-0.12,1.22,-0.22
9865,-0.12,1.22,-0.22
9875,-0.12,1.22,-0.22
9885,-0.12,1.22,-0.22
9895,-0.12,1.22,-0.23
9905,-0.12,1.22,-0.23
9915,-0.12,1.22,-0.23
9925,-0.12,1.22,-0.23
9935,-0.12,1.22,-0.23
9945,-0.12,1.22,-0.23
9955,-0.12,1.22,-0.23
9965,-0.12,1.22,-0.23
9975,-0.12,1.22,-0.23
9985,-0.12,1.22,-0.23
9995,-0.12,1.22,-0.24
10005,-0.12,1.22,-0.24
10015,-0.12,1.22,-0.24
10025,-0.12,1.22,-0.24
10035,-0.12,1.22,-0.24
10045,-0.12,1.22,-0.24
10055,-0.12,1.22,-0.24
10065,-0.12,1.22,-0.24
10075,-0.12,1.22,-0.24
10085,-0.12,1.22,-0.24
10095,-0.12,1.22,-0.24
10105,-0.12,1.22,-0.24
10115,-0.12,1.22,-0.24
10125,-0.12,1.22,-0.24
10135,-0.12,1.22,-0.24
10145,-0.11,1.22,-0.24
10155,-0.11,1.22,-0.24
10165,-0.11,1.22,-0.24
10175,-0.11,1.22,-0.24
10185,-0.11,1.22,-0.25
10195,-0.11,1.22,-0.25
10205,-0.11,1.22,-0.25
10215,-0.11,1.22,-0.25
10225,-0.11,1.22,-0.25
10235,-0.11,1.22,-0.25
10245,-0.11,1.22,-0.25
10255,-0.11,1.22,-0.25
10265,-0.11,1.22,-0.25
10275,-0.11,1.22,-0.25
10285,-0.11,1.22,-0.25
10295,-0.11,1.22,-0.25
10305,-0.11,1.22,-0.25
10315,-0.11,1.22,-0.25
10325,-0.10,1.22,-0.25
10335,-0.10,1.22,-0.25
10345,-0.10,1.22,-0.25
10355,-0.10,1.22,-0.25
10365,-0.10,1.22,-0.25
10375,-0.10,1.22,-0.25
10385,-0.10,1.22,-0.25
10395,-0.10,1.22,-0.25
10405,-0.10,1.22,-0.25
10415,-0.10,1.22,-0.25
10425,-0.10,1.22,-0.25
10435,-0.10,1.22,-0.25
10445,-0.10,1.22,-0.25
10455,-0.10,1.22,-0.25
10465,-0.10,1.22,-0.25
10475,-0.10,1.22,-0.26
10485,-0.10,1.22,-0.26
10495,-0.10,1.22,-0.26
10505,-0.10,1.22,-0.26
10515,-0.09,1.22,-0.26
10525,-0.09,1.22,-0.26
10535,-0.09,1.22,-0.26
10545,-0.09,1.22,-0.26
10555,-0.09,1.22,-0.26
10565,-0.09,1.22,-0.26
10575,-0.09,1.22,-0.27
10585,-0.09,1.22,-0.27
10595,-0.09,1.22,-0.27
10605,-0.09,1.22,-0.27
10615,-0.09,1.23,-0.27
10625,-0.09,1.23,-0.27
10635,-0.09,1.23,-0.27
10645,-0.09,1.23,-0.27
10655,-0.09,1.23,-0.27
10665,-0.09,1.23,-0.27
10675,-0.09,1.23,-0.27
10685,-0.09,1.23,-0.27
10695,-0.08,1.23,-0.27
10705,-0.08,1.23,-0.27
10715,-0.08,1.24,-0.27
10725,-0.08,1.24,-0.27
10735,-0.08,1.24,-0.27
10745,-0.08,1.24,-0.27
10755,-0.08,1.24,-0.27
10765,-0.08,1.24,-0.28
10775,-0.08,1.24,-0.28
10785,-0.08,1.24,-0.28
10795,-0.08,1.24,-0.28
10805,-0.08,1.24,-0.28
10815,-0.08,1.26,-0.28
10825,-0.08,1.26,-0.28
10835,-0.08,1.26,-0.28
10845,-0.08,1.26,-0.28
10855,-0.08,1.26,-0.28
10865,-0.08,1.26,-0.30
10875,-0.08,1.26,-0.30
10885,-0.09,1.26,-0.30
10895,-0.09,1.26,-0.30
10905,-0.09,1.26,-0.30
10915,-0.09,1.29,-0.30
10925,-0.09,1.29,-0.30
10935,-0.09,1.29,-0.30
10945,-0.09,1.29,-0.30
10955,-0.09,1.29,-0.35
10965,-0.09,1.29,-0.35
10975,-0.09,1.29,-0.35
10985,-0.09,1.29,-0.35
10995,-0.09,1.29,-0.35
11005,-0.09,1.35,-0.35
11015,-0.09,1.35,-0.35
11025,-0.09,1.35,-0.35
11035,-0.09,1.35,-0.35
11045,-0.09,1.35,-0.35
11055,-0.09,1.35,-0.46
11065,-0.16,1.35,-0.46
11075,-0.16,1.35,-0.46
11085,-0.16,1.35,-0.46
11095,-0.16,1.35,-0.46
11105,-0.16,1.50,-0.46
11115,-0.16,1.50,-0.46
11125,-0.16,1.50,-0.46
11135,-0.16,1.50,-0.46
11145,-0.16,1.50,-0.46
11155,-0.16,1.50,-0.46
11165,-0.16,1.50,-0.46
11175,-0.16,1.50,-0.46
11185,-0.16,1.50,-0.46
11195,-0.16,1.50,-0.46
11205,-0.16,1.73,-0.46
11215,-0.16,1.73,-0.46
11225,-0.16,1.73,-0.46
11235,-0.16,1.73,-0.46
11245,-0.16,1.73,-0.53
11255,0.01,1.73,-0.53
11265,0.01,1.73,-0.53
11275,0.01,1.73,-0.53
11285,0.01,1.73,-0.53
11295,0.01,1.73,-0.53
11305,0.01,1.91,-0.53
11315,0.01,1.91,-0.53
11325,0.01,1.91,-0.53
11335,0.01,1.91,-0.53
11345,-0.01,1.91,-0.53
11355,-0.01,1.91,-0.53
11365,-0.01,1.91,-0.53
11375,-0.01,1.91,-0.53
11385,-0.01,1.91,-0.53
11395,-0.01,1.91,-0.53
11405,-0.01,2.10,-0.53
11415,-0.01,2.10,-0.53
11425,-0.01,2.10,-0.53
11435,-0.12,2.10,-0.53
11445,-0.12,2.10,-0.53
11455,-0.12,2.10,-0.53
11465,-0.12,2.10,-0.53
11475,-0.12,2.10,-0.53
11485,-0.12,2.10,-0.53
11495,-0.12,2.10,-0.53
11505,-0.12,2.16,-0.53
11515,-0.12,2.16,-0.53
11525,-0.11,2.16,-0.53
11535,-0.11,2.16,-0.62
11545,-0.11,2.16,-0.62
11555,-0.11,2.16,-0.62
11565,-0.11,2.16,-0.62
11575,-0.11,2.16,-0.62
11585,-0.11,2.16,-0.62
11595,-0.11,2.16,-0.62
11605,-0.11,2.19,-0.62
11615,-0.19,2.19,-0.62
11625,-0.19,2.19,-0.62
11635,-0.19,2.19,-0.71
11645,-0.19,2.19,-0.71
11655,-0.19,2.19,-0.71
11665,-0.19,2.19,-0.71
11675,-0.19,2.19,-0.71
11685,-0.19,2.19,-0.71
11695,-0.19,2.19,-0.71
11705,-0.19,2.23,-0.71
11715,-0.23,2.23,-0.71
11725,-0.23,2.23,-0.77
11735,-0.23,2.23,-0.77
11745,-0.23,2.23,-0.77
11755,-0.23,2.23,-0.77
11765,-0.23,2.23,-0.77
11775,-0.23,2.23,-0.77
11785,-0.23,2.23,-0.77
11795,-0.23,2.23,-0.77
11805,-0.26,2.23,-0.77
11815,-0.26,2.23,-0.77
11825,-0.26,2.23,-0.81
11835,-0.26,2.23,-0.81
11845,-0.26,2.23,-0.81
11855,-0.26,2.23,-0.81
11865,-0.26,2.23,-0.81
11875,-0.26,2.23,-0.81
11885,-0.26,2.23,-0.81
11895,-0.32,2.23,-0.81
11905,-0.32,2.23,-0.81
11915,-0.32,2.23,-0.81
11925,-0.32,2.23,-0.85
11935,-0.32,2.23,-0.85
11945,-0.32,2.23,-0.85
11955,-0.32,2.23,-0.85
11965,-0.32,2.23,-0.85
11975,-0.32,2.23,-0.85
11985,-0.37,2.23,-0.85
11995,-0.37,2.24,-0.85
12005,-0.37,2.24,-0.85
12015,-0.37,2.24,-0.88
12025,-0.37,2.24,-0.88
12035,-0.37,2.24,-0.88
12045,-0.37,2.24,-0.88
12055,-0.37,2.24,-0.88
12065,-0.37,2.24,-0.88
12075,-0.37,2.24,-0.88
12085,-0.41,2.24,-0.88
12095,-0.41,2.24,-0.88
12105,-0.41,2.24,-0.88
12115,-0.41,2.24,-0.90
12125,-0.41,2.24,-0.90
12135,-0.41,2.24,-0.90
12145,-0.41,2.24,-0.90
12155,-0.41,2.24,-0.90
12165,-0.41,2.24,-0.90
12175,-0.46,2.24,-0.90
12185,-0.46,2.24,-0.90
12195,-0.46,2.23,-0.90
12205,-0.46,2.23,-0.90
12215,-0.46,2.23,-0.92
12225,-0.46,2.23,-0.92
12235,-0.46,2.23,-0.92
12245,-0.46,2.23,-0.92
12255,-0.46,2.23,-0.92
12265,-0.51,2.23,-0.92
12275,-0.51,2.23,-0.92
12285,-0.51,2.23,-0.92
12295,-0.51,2.21,-0.92
12305,-0.51,2.21,-0.92
12315,-0.51,2.21,-0.92
12325,-0.51,2.21,-0.92
12335,-0.51,2.21,-0.92
12345,-0.51,2.21,-0.92
12355,-0.55,2.21,-0.92
12365,-0.55,2.21,-0.92
12375,-0.55,2.21,-0.92
12385,-0.55,2.21,-0.92
12395,-0.55,2.18,-0.92
12405,-0.55,2.18,-0.91
12415,-0.55,2.18,-0.91
12425,-0.55,2.18,-0.91
12435,-0.55,2.18,-0.91
12445,-0.55,2.18,-0.91
12455,-0.60,2.18,-0.91
12465,-0.60,2.18,-0.91
12475,-0.60,2.18,-0.91
12485,-0.60,2.18,-0.91
12495,-0.60,2.13,-0.91
12505,-0.60,2.13,-0.88
12515,-0.60,2.13,-0.88
12525,-0.60,2.13,-0.88
12535,-0.60,2.13,-0.88
12545,-0.65,2.13,-0.88
12555,-0.65,2.13,-0.88
12565,-0.65,2.13,-0.88
12575,-0.65,2.13,-0.88
12585,-0.65,2.13,-0.88
12595,-0.65,2.06,-0.88
12605,-0.65,2.06,-0.88
12615,-0.65,2.06,-0.88
12625,-0.65,2.06,-0.88
12635,-0.64,2.06,-0.88
12645,-0.64,2.06,-0.88
12655,-0.64,2.06,-0.88
12665,-0.64,2.06,-0.88
12675,-0.64,2.06,-0.88
12685,-0.64,2.06,-0.88
12695,-0.64,1.98,-0.88
12705,-0.64,1.98,-0.88
12715,-0.64,1.98,-0.88
12725,-0.58,1.98,-0.88
12735,-0.58,1.98,-0.88
12745,-0.58,1.98,-0.88
12755,-0.58,1.98,-0.88
12765,-0.58,1.98,-0.88
12775,-0.58,1.98,-0.88
12785,-0.58,1.88,-0.88
12795,-0.58,1.88,-0.84
12805,-0.58,1.88,-0.84
12815,-0.80,1.88,-0.84
12825,-0.80,1.88,-0.84
12835,-0.80,1.88,-0.84
12845,-0.80,1.88,-0.84
12855,-0.80,1.88,-0.84
12865,-0.80,1.88,-0.84
12875,-0.80,1.88,-0.84
12885,-0.80,1.75,-0.84
12895,-0.80,1.75,-0.84
12905,-0.80,1.75,-0.84
12915,-0.86,1.75,-0.84
12925,-0.86,1.75,-0.84
12935,-0.86,1.75,-0.84
12945,-0.86,1.75,-0.84
12955,-0.86,1.75,-0.84
12965,-0.86,1.75,-0.84
12975,-0.86,1.75,-0.84
12985,-0.86,1.54,-0.84
12995,-0.86,1.54,-0.84
13005,-0.89,1.54,-0.84
13015,-0.89,1.54,-0.84
13025,-0.89,1.54,-0.84
13035,-0.89,1.54,-0.84
13045,-0.89,1.54,-0.84
13055,-0.89,1.54,-0.84
13065,-0.89,1.54,-0.84
13075,-0.89,1.54,-0.84
13085,-0.89,1.23,-0.84
13095,-0.87,1.23,-0.84
13105,-0.87,1.23,-0.84
13115,-0.87,1.23,-0.84
13125,-0.87,1.23,-0.84
13135,-0.87,1.23,-0.84
13145,-0.87,1.23,-0.84
13155,-0.87,1.23,-0.84
13165,-0.87,1.23,-0.84
13175,-0.87,1.23,-0.68
13185,-0.90,1.23,-0.68
13195,-0.90,1.23,-0.68
13205,-0.90,1.23,-0.68
13215,-0.90,1.23,-0.68
13225,-0.90,1.23,-0.68
13235,-0.90,1.23,-0.68
13245,-0.90,1.23,-0.68
13255,-0.90,1.23,-0.68
13265,-0.90,1.23,-0.68
13275,-0.90,1.23,-0.48
13285,-0.90,1.23,-0.48
13295,-0.90,1.23,-0.48
13305,-0.90,1.23,-0.48
13315,-0.90,1.23,-0.48
13325,-0.90,1.23,-0.48
13335,-0.90,1.23,-0.48
13345,-0.90,1.23,-0.48
13355,-0.90,1.23,-0.48
13365,-0.90,1.23,-0.48
13375,-0.92,1.23,-0.48
13385,-0.92,0.91,-0.48
13395,-0.92,0.91,-0.48
13405,-0.92,0.91,-0.48
13415,-0.92,0.91,-0.48
13425,-0.92,0.91,-0.48
13435,-0.92,0.91,-0.48
13445,-0.92,0.91,-0.48
13455,-0.92,0.91,-0.48
13465,-0.95,0.91,-0.48
13475,-0.95,0.91,-0.48
13485,-0.95,0.49,-0.48
13495,-0.95,0.49,-0.48
13505,-0.95,0.49,-0.48
13515,-0.95,0.49,-0.48
13525,-0.95,0.49,-0.48
13535,-0.95,0.49,-0.48
13545,-0.95,0.49,-0.48
13555,-0.95,0.49,-0.48
13565,-0.95,0.49,-0.00
13575,-0.95,0.49,-0.00
13585,-0.95,0.07,-0.00
13595,-0.95,0.07,-0.00
13605,-0.95,0.07,-0.00
13615,-0.95,0.07,-0.00
13625,-0.95,0.07,-0.00
13635,-0.95,0.07,-0.00
13645,-0.97,0.07,-0.00
13655,-0.97,0.07,-0.00
13665,-0.97,0.07,0.46
13675,-0.97,-0.37,0.46
13685,-0.97,-0.37,0.46
13695,-0.97,-0.37,0.46
13705,-0.97,-0.37,0.46
13715,-0.97,-0.37,0.46
13725,-0.97,-0.37,0.46
13735,-0.97,-0.37,0.46
13745,-0.98,-0.37,0.46
13755,-0.98,-0.37,0.92
13765,-0.98,-0.37,0.92
13775,-0.98,-0.82,0.92
13785,-0.98,-0.82,0.92
13795,-0.98,-0.82,0.92
13805,-0.98,-0.82,0.92
13815,-0.98,-0.82,0.92
13825,-0.98,-0.82,0.92
13835,-0.99,-0.82,0.92
13845,-0.99,-0.82,0.92
13855,-0.99,-0.82,0.92
13865,-0.99,-0.82,0.92
13875,-0.99,-1.25,0.92
13885,-0.99,-1.25,0.92
13895,-0.99,-1.25,0.92
13905,-0.99,-1.25,0.92
13915,-0.99,-1.25,0.92
13925,-1.01,-1.25,0.92
13935,-1.01,-1.25,0.92
13945,-1.01,-1.25,0.92
13955,-1.01,-1.25,1.43
13965,-1.01,-1.25,1.43
13975,-1.01,-1.71,1.43
13985,-1.01,-1.71,1.43
13995,-1.01,-1.71,1.43
14005,-1.01,-1.71,1.43
14015,-1.02,-1.71,1.43
14025,-1.02,-1.71,1.43
14035,-1.02,-1.71,1.43
14045,-1.02,-1.71,1.92
14055,-1.02,-1.71,1.92
14065,-1.02,-1.71,1.92
14075,-1.02,-2.15,1.92
14085,-1.02,-2.15,1.92
14095,-1.02,-2.15,1.92
14105,-1.02,-2.15,1.92
14115,-1.03,-2.15,1.92
14125,-1.03,-2.15,1.92
14135,-1.03,-2.15,1.92
14145,-1.03,-2.15,2.37
14155,-1.03,-2.15,2.37
14165,-1.03,-2.15,2.37
14175,-1.03,-2.58,2.37
14185,-1.03,-2.58,2.37
14195,-1.03,-2.58,2.37
14205,-1.05,-2.58,2.37
14215,-1.05,-2.58,2.37
14225,-1.05,-2.58,2.37
14235,-1.05,-2.58,2.37
14245,-1.05,-2.58,2.81
14255,-1.05,-2.58,2.81
14265,-1.05,-2.58,2.81
14275,-1.05,-3.00,2.81
14285,-1.05,-3.00,2.81
14295,-1.05,-3.00,2.81
14305,-1.05,-3.00,2.81
14315,-1.05,-3.00,2.81
14325,-1.05,-3.00,2.81
14335,-1.05,-3.00,3.23
14345,-1.05,-3.00,3.23
14355,-1.05,-3.00,3.23
14365,-1.05,-3.00,3.23
14375,-1.05,-3.37,3.23
14385,-1.07,-3.37,3.23
14395,-1.07,-3.37,3.23
14405,-1.07,-3.37,3.23
14415,-1.07,-3.37,3.23
14425,-1.07,-3.37,3.23
14435,-1.07,-3.37,3.62
14445,-1.07,-3.37,3.62
14455,-1.07,-3.37,3.62
14465,-1.07,-3.37,3.62
14475,-1.08,-3.37,3.62
14485,-1.08,-3.37,3.62
14495,-1.08,-3.37,3.62
14505,-1.08,-3.37,3.62
14515,-1.08,-3.37,3.62
14525,-1.08,-3.37,3.62
14535,-1.08,-3.37,3.99
14545,-1.08,-3.37,3.99
14555,-1.08,-3.37,3.99
14565,-1.08,-3.71,3.99
14575,-1.09,-3.71,3.99
14585,-1.09,-3.71,3.99
14595,-1.09,-3.71,3.99
14605,-1.09,-3.71,3.99
14615,-1.09,-3.71,3.99
14625,-1.09,-3.71,4.35
14635,-1.09,-3.71,4.35
14645,-1.09,-3.71,4.35
14655,-1.09,-3.71,4.35
14665,-1.10,-3.71,4.35
14675,-1.10,-3.71,4.35
14685,-1.10,-3.71,4.35
14695,-1.10,-3.71,4.35
14705,-1.10,-3.71,4.35
14715,-1.10,-3.71,4.35
14725,-1.10,-3.71,4.71
14735,-1.10,-3.71,4.71
14745,-1.10,-3.71,4.71
14755,-1.11,-3.71,4.71
14765,-1.11,-4.05,4.71
14775,-1.11,-4.05,4.71
14785,-1.11,-4.05,4.71
14795,-1.11,-4.05,4.71
14805,-1.11,-4.05,4.71
14815,-1.11,-4.05,4.71
14825,-1.11,-4.05,5.05
14835,-1.11,-4.05,5.05
14845,-1.12,-4.05,5.05
14855,-1.12,-4.05,5.05
14865,-1.12,-4.39,5.05
14875,-1.12,-4.39,5.05
14885,-1.12,-4.39,5.05
14895,-1.12,-4.39,5.05
14905,-1.12,-4.39,5.05
14915,-1.12,-4.39,5.38
14925,-1.12,-4.39,5.38
14935,-1.12,-4.39,5.38
14945,-1.12,-4.39,5.38
14955,-1.12,-4.39,5.38
14965,-1.12,-4.71,5.38
14975,-1.12,-4.71,5.38
14985,-1.12,-4.71,5.38
14995,-1.12,-4.71,5.38
15005,-1.12,-4.71,5.38
15015,-1.12,-4.71,5.59
15025,-1.12,-4.71,5.59
15035,-1.12,-4.71,5.59
15045,-1.12,-4.71,5.59
15055,-1.12,-4.71,5.59
15065,-1.12,-5.02,5.59
15075,-1.12,-5.02,5.59
15085,-1.12,-5.02,5.59
15095,-1.12,-5.02,5.59
15105,-1.12,-5.02,5.59
15115,-1.12,-5.02,5.79
15125,-1.12,-5.02,5.79
15135,-1.12,-5.02,5.79
15145,-1.12,-5.02,5.79
15155,-1.12,-5.02,5.79
15165,-1.12,-5.28,5.79
15175,-1.12,-5.28,5.79
15185,-1.12,-5.28,5.79
15195,-1.12,-5.28,5.79
15205,-1.12,-5.28,5.79
15215,-1.13,-5.28,5.79
15225,-1.13,-5.28,5.79
15235,-1.13,-5.28,5.79
15245,-1.13,-5.28,5.79
15255,-1.13,-5.28,5.79
15265,-1.13,-5.42,5.79
15275,-1.13,-5.42,5.79
15285,-1.13,-5.42,5.79
15295,-1.13,-5.42,5.79
15305,-1.13,-5.42,5.79
15315,-1.13,-5.42,5.79
15325,-1.13,-5.42,5.79
15335,-1.13,-5.42,5.79
15345,-1.13,-5.42,5.79
15355,-1.13,-5.42,5.79
15365,-1.13,-5.45,5.79
15375,-1.13,-5.45,5.79
15385,-1.13,-5.45,5.79
15395,-1.13,-5.45,5.77
15405,-1.13,-5.45,5.77
15415,-1.13,-5.45,5.77
15425,-1.13,-5.45,5.77
15435,-1.13,-5.45,5.77
15445,-1.13,-5.45,5.77
15455,-1.13,-5.45,5.77
15465,-1.13,-5.45,5.77
15475,-1.13,-5.45,5.77
15485,-1.13,-5.45,5.77
15495,-1.13,-5.45,5.77
15505,-1.13,-5.45,5.77
15515,-1.13,-5.45,5.77
15525,-1.13,-5.45,5.77
15535,-1.13,-5.45,5.77
15545,-1.13,-5.45,5.77
15555,-1.13,-5.43,5.77
15565,-1.13,-5.43,5.77
15575,-1.13,-5.43,5.77
15585,-1.14,-5.43,5.77
15595,-1.14,-5.43,5.73
15605,-1.14,-5.43,5.73
15615,-1.14,-5.43,5.73
15625,-1.14,-5.43,5.73
15635,-1.14,-5.43,5.73
15645,-1.14,-5.43,5.73
15655,-1.14,-5.41,5.73
15665,-1.14,-5.41,5.73
15675,-1.14,-5.41,5.73
15685,-1.14,-5.41,5.68
15695,-1.14,-5.41,5.68
15705,-1.14,-5.41,5.68
15715,-1.14,-5.41,5.68
15725,-1.14,-5.41,5.68
15735,-1.14,-5.41,5.68
15745,-1.14,-5.41,5.68
15755,-1.14,-5.36,5.68
15765,-1.14,-5.36,5.68
15775,-1.14,-5.36,5.68
15785,-1.14,-5.36,5.59
15795,-1.14,-5.36,5.59
15805,-1.14,-5.36,5.59
15815,-1.14,-5.36,5.59
15825,-1.14,-5.36,5.59
15835,-1.14,-5.36,5.59
15845,-1.14,-5.36,5.59
15855,-1.14,-5.28,5.59
15865,-1.14,-5.28,5.59
15875,-1.14,-5.28,5.59
15885,-1.14,-5.28,5.50
15895,-1.14,-5.28,5.50
15905,-1.14,-5.28,5.50
15915,-1.14,-5.28,5.50
15925,-1.14,-5.28,5.50
15935,-1.14,-5.28,5.50
15945,-1.14,-5.28,5.50
15955,-1.14,-5.28,5.50
15965,-1.14,-5.28,5.50
15975,-1.14,-5.28,5.43
15985,-1.14,-5.28,5.43
15995,-1.14,-5.28,5.43
16005,-1.14,-5.28,5.43
16015,-1.14,-5.28,5.43
16025,-1.14,-5.28,5.43
16035,-1.14,-5.28,5.43
16045,-1.14,-5.28,5.43
16055,-1.14,-5.21,5.43
16065,-1.14,-5.21,5.43
16075,-1.14,-5.21,5.35
16085,-1.14,-5.21,5.35
16095,-1.14,-5.21,5.35
16105,-1.14,-5.21,5.35
16115,-1.14,-5.21,5.35
16125,-1.14,-5.21,5.35
16135,-1.13,-5.21,5.35
16145,-1.13,-5.21,5.35
16155,-1.13,-5.13,5.35
16165,-1.13,-5.13,5.35
16175,-1.13,-5.13,5.29
16185,-1.13,-5.13,5.29
16195,-1.13,-5.13,5.29
16205,-1.13,-5.13,5.29
16215,-1.13,-5.13,5.29
16225,-1.13,-5.13,5.29
16235,-1.12,-5.13,5.29
16245,-1.12,-5.13,5.29
16255,-1.12,-5.04,5.29
16265,-1.12,-5.04,5.25
16275,-1.12,-5.04,5.25
16285,-1.12,-5.04,5.25
16295,-1.12,-5.04,5.25
16305,-1.12,-5.04,5.25
16315,-1.12,-5.04,5.25
16325,-1.12,-5.04,5.25
16335,-1.12,-5.04,5.25
16345,-1.12,-5.04,5.25
16355,-1.12,-4.98,5.25
16365,-1.12,-4.98,5.21
16375,-1.12,-4.98,5.21
16385,-1.12,-4.98,5.21
16395,-1.12,-4.98,5.21
16405,-1.12,-4.98,5.21
16415,-1.11,-4.98,5.21
16425,-1.11,-4.98,5.21
16435,-1.11,-4.98,5.21
16445,-1.11,-4.94,5.21
16455,-1.11,-4.94,5.21
16465,-1.11,-4.94,5.18
16475,-1.11,-4.94,5.18
16485,-1.11,-4.94,5.18
16495,-1.11,-4.94,5.18
16505,-1.11,-4.94,5.18
16515,-1.11,-4.94,5.18
16525,-1.11,-4.94,5.18
16535,-1.11,-4.94,5.18
16545,-1.11,-4.90,5.18
16555,-1.11,-4.90,5.14
16565,-1.11,-4.90,5.14
16575,-1.11,-4.90,5.14
16585,-1.11,-4.90,5.14
16595,-1.11,-4.90,5.14
16605,-1.10,-4.90,5.14
16615,-1.10,-4.90,5.14
16625,-1.10,-4.90,5.14
16635,-1.10,-4.90,5.14
16645,-1.10,-4.86,5.14
16655,-1.10,-4.86,5.10
16665,-1.10,-4.86,5.10
16675,-1.10,-4.86,5.10
16685,-1.10,-4.86,5.10
16695,-1.10,-4.86,5.10
16705,-1.10,-4.86,5.10
16715,-1.10,-4.86,5.10
16725,-1.10,-4.86,5.10
16735,-1.10,-4.86,5.10
16745,-1.10,-4.83,5.10
16755,-1.10,-4.83,5.06
16765,-1.10,-4.83,5.06
16775,-1.10,-4.83,5.06
16785,-1.09,-4.83,5.06
16795,-1.09,-4.83,5.06
16805,-1.09,-4.83,5.06
16815,-1.09,-4.83,5.06
16825,-1.09,-4.83,5.06
16835,-1.09,-4.83,5.06
16845,-1.09,-4.77,5.06
16855,-1.09,-4.77,5.06
16865,-1.09,-4.77,5.06
16875,-1.09,-4.77,5.06
16885,-1.09,-4.77,5.06
16895,-1.09,-4.77,5.06
16905,-1.09,-4.77,5.06
16915,-1.09,-4.77,5.06
16925,-1.09,-4.77,5.06
16935,-1.09,-4.77,5.06
16945,-1.09,-4.70,5.06
16955,-1.09,-4.70,5.06
16965,-1.08,-4.70,5.06
16975,-1.08,-4.70,5.06
16985,-1.08,-4.70,5.06
16995,-1.08,-4.70,5.06
17005,-1.08,-4.70,5.06
17015,-1.08,-4.70,5.06
17025,-1.08,-4.70,5.06
17035,-1.08,-4.70,5.06
17045,-1.08,-4.62,5.06
17055,-1.08,-4.62,5.06
17065,-1.08,-4.62,5.06
17075,-1.08,-4.62,5.06
17085,-1.08,-4.62,5.06
17095,-1.08,-4.62,5.06
17105,-1.08,-4.62,5.06
17115,-1.08,-4.62,5.06
17125,-1.08,-4.62,5.06
17135,-1.08,-4.62,5.00
17145,-1.08,-4.56,5.00
17155,-1.08,-4.56,5.00
17165,-1.08,-4.56,5.00
17175,-1.08,-4.56,5.00
17185,-1.08,-4.56,5.00
17195,-1.08,-4.56,5.00
17205,-1.08,-4.56,5.00
17215,-1.08,-4.56,5.00
17225,-1.08,-4.56,5.00
17235,-1.08,-4.56,4.94
17245,-1.08,-4.56,4.94
17255,-1.08,-4.56,4.94
17265,-1.08,-4.56,4.94
17275,-1.08,-4.56,4.94
17285,-1.08,-4.56,4.94
17295,-1.08,-4.56,4.94
17305,-1.08,-4.56,4.94
17315,-1.08,-4.56,4.94
17325,-1.08,-4.56,4.94
17335,-1.08,-4.56,4.94
17345,-1.08,-4.56,4.94
17355,-1.08,-4.56,4.94
17365,-1.08,-4.56,4.94
17375,-1.08,-4.56,4.94
17385,-1.08,-4.56,4.94
17395,-1.08,-4.56,4.94
17405,-1.08,-4.56,4.94
17415,-1.08,-4.56,4.94
17425,-1.08,-4.56,4.88
17435,-1.08,-4.56,4.88
17445,-1.08,-4.56,4.88
17455,-1.08,-4.56,4.88
17465,-1.08,-4.56,4.88
17475,-1.08,-4.56,4.88
17485,-1.08,-4.56,4.88
17495,-1.08,-4.56,4.88
17505,-1.08,-4.56,4.88
17515,-1.08,-4.56,4.88
17525,-1.08,-4.56,4.88
17535,-1.08,-4.49,4.88
17545,-1.08,-4.49,4.88
17555,-1.08,-4.49,4.88
17565,-1.08,-4.49,4.88
17575,-1.08,-4.49,4.88
17585,-1.08,-4.49,4.88
17595,-1.08,-4.49,4.88
17605,-1.08,-4.49,4.88
17615,-1.07,-4.49,4.88
17625,-1.07,-4.49,4.82
17635,-1.07,-4.41,4.82
17645,-1.07,-4.41,4.82
17655,-1.07,-4.41,4.82
17665,-1.07,-4.41,4.82
17675,-1.07,-4.41,4.82
17685,-1.07,-4.41,4.82
17695,-1.07,-4.41,4.82
17705,-1.07,-4.41,4.82
17715,-1.07,-4.41,4.76
17725,-1.07,-4.41,4.76
17735,-1.07,-4.34,4.76
17745,-1.07,-4.34,4.76
17755,-1.07,-4.34,4.76
17765,-1.07,-4.34,4.76
17775,-1.07,-4.34,4.76
17785,-1.07,-4.34,4.76
17795,-1.07,-4.34,4.76
17805,-1.07,-4.34,4.76
17815,-1.07,-4.34,4.69
17825,-1.07,-4.34,4.69
17835,-1.07,-4.26,4.69
17845,-1.07,-4.26,4.69
17855,-1.07,-4.26,4.69
17865,-1.07,-4.26,4.69
17875,-1.07,-4.26,4.69
17885,-1.07,-4.26,4.69
17895,-1.07,-4.26,4.69
17905,-1.07,-4.26,4.69
17915,-1.07,-4.26,4.63
17925,-1.07,-4.26,4.63
17935,-1.07,-4.19,4.63
17945,-1.07,-4.19,4.63
17955,-1.07,-4.19,4.63
17965,-1.07,-4.19,4.63
17975,-1.07,-4.19,4.63
17985,-1.07,-4.19,4.63
17995,-1.07,-4.19,4.63
18005,-1.07,-4.19,4.57
18015,-1.07,-4.19,4.57
18025,-1.07,-4.19,4.57
18035,-1.07,-4.14,4.57
18045,-1.07,-4.14,4.57
18055,-1.07,-4.14,4.57
18065,-1.07,-4.14,4.57
18075,-1.07,-4.14,4.57
18085,-1.07,-4.14,4.57
18095,-1.07,-4.14,4.57
18105,-1.07,-4.14,4.52
18115,-1.07,-4.14,4.52
18125,-1.07,-4.14,4.52
18135,-1.07,-4.10,4.52
18145,-1.07,-4.10,4.52
18155,-1.07,-4.10,4.52
18165,-1.07,-4.10,4.52
18175,-1.07,-4.10,4.52
18185,-1.07,-4.10,4.52
18195,-1.07,-4.10,4.52
18205,-1.07,-4.10,4.48
18215,-1.07,-4.10,4.48
18225,-1.07,-4.07,4.48
18235,-1.07,-4.07,4.48
18245,-1.07,-4.07,4.48
18255,-1.07,-4.07,4.48
18265,-1.07,-4.07,4.48